Country_name	Official_state_name	Sovereignty	Alpha2_code	Alpha3_code	Numeric_code	Subdivision_code_links	Internet_ccTLD
Islamic Republic of Afghanistan Afghanistan 	The Islamic Republic of Afghanistan 	UN member state 	AF 	AFG	4.0	ISO 3166-2:AF 	.af
Åland Åland Islands 	Åland 	Finland 	AX 	ALA	248.0	ISO 3166-2:AX 	.ax
Albania Albania 	The Republic of Albania 	UN member state 	AL 	ALB	8.0	ISO 3166-2:AL 	.al
Algeria Algeria 	The People's Democratic Republic of Algeria 	UN member state 	DZ 	DZA	12.0	ISO 3166-2:DZ 	.dz
American Samoa American Samoa 	The Territory of American Samoa 	United States 	AS 	ASM	16.0	ISO 3166-2:AS 	.as
Andorra Andorra 	The Principality of Andorra 	UN member state 	AD 	AND	20.0	ISO 3166-2:AD 	.ad
Angola Angola 	The Republic of Angola 	UN member state 	AO 	AGO	24.0	ISO 3166-2:AO 	.ao
Anguilla Anguilla 	Anguilla 	United Kingdom 	AI 	AIA	660.0	ISO 3166-2:AI 	.ai
Antarctica Antarctica [b] 	All land and ice shelves south of the 60th parallel south 	Antarctic Treaty 	AQ 	ATA	10.0	ISO 3166-2:AQ 	.aq
Antigua and Barbuda Antigua and Barbuda 	Antigua and Barbuda 	UN member state 	AG 	ATG	28.0	ISO 3166-2:AG 	.ag
Argentina Argentina 	The Argentine Republic 	UN member state 	AR 	ARG	32.0	ISO 3166-2:AR 	.ar
Armenia Armenia 	The Republic of Armenia 	UN member state 	AM 	ARM	51.0	ISO 3166-2:AM 	.am
Aruba Aruba 	Aruba 	Netherlands 	AW 	ABW	533.0	ISO 3166-2:AW 	.aw
Australia Australia [c] 	The Commonwealth of Australia 	UN member state 	AU 	AUS	36.0	ISO 3166-2:AU 	.au
Austria Austria 	The Republic of Austria 	UN member state 	AT 	AUT	40.0	ISO 3166-2:AT 	.at
Azerbaijan Azerbaijan 	The Republic of Azerbaijan 	UN member state 	AZ 	AZE	31.0	ISO 3166-2:AZ 	.az
The Bahamas Bahamas (the) 	The Commonwealth of The Bahamas 	UN member state 	BS 	BHS	44.0	ISO 3166-2:BS 	.bs
Bahrain Bahrain 	The Kingdom of Bahrain 	UN member state 	BH 	BHR	48.0	ISO 3166-2:BH 	.bh
Bangladesh Bangladesh 	The People's Republic of Bangladesh 	UN member state 	BD 	BGD	50.0	ISO 3166-2:BD 	.bd
Barbados Barbados 	Barbados 	UN member state 	BB 	BRB	52.0	ISO 3166-2:BB 	.bb
Belarus Belarus 	The Republic of Belarus 	UN member state 	BY 	BLR	112.0	ISO 3166-2:BY 	.by
Belgium Belgium 	The Kingdom of Belgium 	UN member state 	BE 	BEL	56.0	ISO 3166-2:BE 	.be
Belize Belize 	Belize 	UN member state 	BZ 	BLZ	84.0	ISO 3166-2:BZ 	.bz
Benin Benin 	The Republic of Benin 	UN member state 	BJ 	BEN	204.0	ISO 3166-2:BJ 	.bj
Bermuda Bermuda 	Bermuda 	United Kingdom 	BM 	BMU	60.0	ISO 3166-2:BM 	.bm
Bhutan Bhutan 	The Kingdom of Bhutan 	UN member state 	BT 	BTN	64.0	ISO 3166-2:BT 	.bt
Bolivia Bolivia (Plurinational State of) 	The Plurinational State of Bolivia 	UN member state 	BO 	BOL	68.0	ISO 3166-2:BO 	.bo
Saba (island) Saba 	Bonaire, Sint Eustatius and Saba 	Netherlands 	BQ 	BES	535.0	ISO 3166-2:BQ 	.bq .nl [d]
Bosnia and Herzegovina Bosnia and Herzegovina 	Bosnia and Herzegovina 	UN member state 	BA 	BIH	70.0	ISO 3166-2:BA 	.ba
Botswana Botswana 	The Republic of Botswana 	UN member state 	BW 	BWA	72.0	ISO 3166-2:BW 	.bw
Bouvet Island Bouvet Island 	Bouvet Island 	Norway 	BV 	BVT	74.0	ISO 3166-2:BV 	[e]
Brazil Brazil 	The Federative Republic of Brazil 	UN member state 	BR 	BRA	76.0	ISO 3166-2:BR 	.br
British Indian Ocean Territory British Indian Ocean Territory (the) 	The British Indian Ocean Territory 	United Kingdom 	IO 	IOT	86.0	ISO 3166-2:IO 	.io
Brunei Brunei Darussalam [f] 	The Nation of Brunei, the Abode of Peace 	UN member state 	BN 	BRN	96.0	ISO 3166-2:BN 	.bn
Bulgaria Bulgaria 	The Republic of Bulgaria 	UN member state 	BG 	BGR	100.0	ISO 3166-2:BG 	.bg
Burkina Faso Burkina Faso 	Burkina Faso 	UN member state 	BF 	BFA	854.0	ISO 3166-2:BF 	.bf
Burundi Burundi 	The Republic of Burundi 	UN member state 	BI 	BDI	108.0	ISO 3166-2:BI 	.bi
Cape Verde Cabo Verde [g] 	The Republic of Cabo Verde 	UN member state 	CV 	CPV	132.0	ISO 3166-2:CV 	.cv
Cambodia Cambodia 	The Kingdom of Cambodia 	UN member state 	KH 	KHM	116.0	ISO 3166-2:KH 	.kh
Cameroon Cameroon 	The Republic of Cameroon 	UN member state 	CM 	CMR	120.0	ISO 3166-2:CM 	.cm
Canada Canada 	Canada 	UN member state 	CA 	CAN	124.0	ISO 3166-2:CA 	.ca
Cayman Islands Cayman Islands (the) 	The Cayman Islands 	United Kingdom 	KY 	CYM	136.0	ISO 3166-2:KY 	.ky
Central African Republic Central African Republic (the) 	The Central African Republic 	UN member state 	CF 	CAF	140.0	ISO 3166-2:CF 	.cf
Chad Chad 	The Republic of Chad 	UN member state 	TD 	TCD	148.0	ISO 3166-2:TD 	.td
Chile Chile 	The Republic of Chile 	UN member state 	CL 	CHL	152.0	ISO 3166-2:CL 	.cl
China China 	The People's Republic of China 	UN member state 	CN 	CHN	156.0	ISO 3166-2:CN 	.cn
Christmas Island Christmas Island 	The Territory of Christmas Island 	Australia 	CX 	CXR	162.0	ISO 3166-2:CX 	.cx
Cocos (Keeling) Islands Cocos (Keeling) Islands (the) 	The Territory of Cocos (Keeling) Islands 	Australia 	CC 	CCK	166.0	ISO 3166-2:CC 	.cc
Colombia Colombia 	The Republic of Colombia 	UN member state 	CO 	COL	170.0	ISO 3166-2:CO 	.co
Comoros Comoros (the) 	The Union of the Comoros 	UN member state 	KM 	COM	174.0	ISO 3166-2:KM 	.km
Democratic Republic of the Congo Congo (the Democratic Republic of the) 	The Democratic Republic of the Congo 	UN member state 	CD 	COD	180.0	ISO 3166-2:CD 	.cd
Republic of the Congo Congo (the) [h] 	The Republic of the Congo 	UN member state 	CG 	COG	178.0	ISO 3166-2:CG 	.cg
Cook Islands Cook Islands (the) 	The Cook Islands 	New Zealand 	CK 	COK	184.0	ISO 3166-2:CK 	.ck
Costa Rica Costa Rica 	The Republic of Costa Rica 	UN member state 	CR 	CRI	188.0	ISO 3166-2:CR 	.cr
Ivory Coast Côte d'Ivoire [i] 	The Republic of Côte d'Ivoire 	UN member state 	CI 	CIV	384.0	ISO 3166-2:CI 	.ci
Croatia Croatia 	The Republic of Croatia 	UN member state 	HR 	HRV	191.0	ISO 3166-2:HR 	.hr
Cuba Cuba 	The Republic of Cuba 	UN member state 	CU 	CUB	192.0	ISO 3166-2:CU 	.cu
Curaçao Curaçao 	The Country of Curaçao 	Netherlands 	CW 	CUW	531.0	ISO 3166-2:CW 	.cw
Cyprus Cyprus 	The Republic of Cyprus 	UN member state 	CY 	CYP	196.0	ISO 3166-2:CY 	.cy
Czech Republic Czechia [j] 	The Czech Republic 	UN member state 	CZ 	CZE	203.0	ISO 3166-2:CZ 	.cz
Denmark Denmark 	The Kingdom of Denmark 	UN member state 	DK 	DNK	208.0	ISO 3166-2:DK 	.dk
Djibouti Djibouti 	The Republic of Djibouti 	UN member state 	DJ 	DJI	262.0	ISO 3166-2:DJ 	.dj
Dominica Dominica 	The Commonwealth of Dominica 	UN member state 	DM 	DMA	212.0	ISO 3166-2:DM 	.dm
Dominican Republic Dominican Republic (the) 	The Dominican Republic 	UN member state 	DO 	DOM	214.0	ISO 3166-2:DO 	.do
Ecuador Ecuador 	The Republic of Ecuador 	UN member state 	EC 	ECU	218.0	ISO 3166-2:EC 	.ec
Egypt Egypt 	The Arab Republic of Egypt 	UN member state 	EG 	EGY	818.0	ISO 3166-2:EG 	.eg
El Salvador El Salvador 	The Republic of El Salvador 	UN member state 	SV 	SLV	222.0	ISO 3166-2:SV 	.sv
Equatorial Guinea Equatorial Guinea 	The Republic of Equatorial Guinea 	UN member state 	GQ 	GNQ	226.0	ISO 3166-2:GQ 	.gq
Eritrea Eritrea 	The State of Eritrea 	UN member state 	ER 	ERI	232.0	ISO 3166-2:ER 	.er
Estonia Estonia 	The Republic of Estonia 	UN member state 	EE 	EST	233.0	ISO 3166-2:EE 	.ee
Eswatini Eswatini [k] 	The Kingdom of Eswatini 	UN member state 	SZ 	SWZ	748.0	ISO 3166-2:SZ 	.sz
Ethiopia Ethiopia 	The Federal Democratic Republic of Ethiopia 	UN member state 	ET 	ETH	231.0	ISO 3166-2:ET 	.et
Falkland Islands Falkland Islands (the) [Malvinas] [l] 	The Falkland Islands 	United Kingdom 	FK 	FLK	238.0	ISO 3166-2:FK 	.fk
Faroe Islands Faroe Islands (the) 	The Faroe Islands 	Denmark 	FO 	FRO	234.0	ISO 3166-2:FO 	.fo
Fiji Fiji 	The Republic of Fiji 	UN member state 	FJ 	FJI	242.0	ISO 3166-2:FJ 	.fj
Finland Finland 	The Republic of Finland 	UN member state 	FI 	FIN	246.0	ISO 3166-2:FI 	.fi
France France [m] 	The French Republic 	UN member state 	FR 	FRA	250.0	ISO 3166-2:FR 	.fr
French Guiana French Guiana 	Guyane 	France 	GF 	GUF	254.0	ISO 3166-2:GF 	.gf
French Polynesia French Polynesia 	French Polynesia 	France 	PF 	PYF	258.0	ISO 3166-2:PF 	.pf
French Southern and Antarctic Lands French Southern Territories (the) [n] 	The French Southern and Antarctic Lands 	France 	TF 	ATF	260.0	ISO 3166-2:TF 	.tf
Gabon Gabon 	The Gabonese Republic 	UN member state 	GA 	GAB	266.0	ISO 3166-2:GA 	.ga
The Gambia Gambia (the) 	The Republic of The Gambia 	UN member state 	GM 	GMB	270.0	ISO 3166-2:GM 	.gm
Georgia (country) Georgia 	Georgia 	UN member state 	GE 	GEO	268.0	ISO 3166-2:GE 	.ge
Germany Germany 	The Federal Republic of Germany 	UN member state 	DE 	DEU	276.0	ISO 3166-2:DE 	.de
Ghana Ghana 	The Republic of Ghana 	UN member state 	GH 	GHA	288.0	ISO 3166-2:GH 	.gh
Gibraltar Gibraltar 	Gibraltar 	United Kingdom 	GI 	GIB	292.0	ISO 3166-2:GI 	.gi
Greece Greece 	The Hellenic Republic 	UN member state 	GR 	GRC	300.0	ISO 3166-2:GR 	.gr
Greenland Greenland 	Kalaallit Nunaat 	Denmark 	GL 	GRL	304.0	ISO 3166-2:GL 	.gl
Grenada Grenada 	Grenada 	UN member state 	GD 	GRD	308.0	ISO 3166-2:GD 	.gd
Guadeloupe Guadeloupe 	Guadeloupe 	France 	GP 	GLP	312.0	ISO 3166-2:GP 	.gp
Guam Guam 	The Territory of Guam 	United States 	GU 	GUM	316.0	ISO 3166-2:GU 	.gu
Guatemala Guatemala 	The Republic of Guatemala 	UN member state 	GT 	GTM	320.0	ISO 3166-2:GT 	.gt
Bailiwick of Guernsey Guernsey 	The Bailiwick of Guernsey 	British Crown 	GG 	GGY	831.0	ISO 3166-2:GG 	.gg
Guinea Guinea 	The Republic of Guinea 	UN member state 	GN 	GIN	324.0	ISO 3166-2:GN 	.gn
Guinea-Bissau Guinea-Bissau 	The Republic of Guinea-Bissau 	UN member state 	GW 	GNB	624.0	ISO 3166-2:GW 	.gw
Guyana Guyana 	The Co-operative Republic of Guyana 	UN member state 	GY 	GUY	328.0	ISO 3166-2:GY 	.gy
Haiti Haiti 	The Republic of Haiti 	UN member state 	HT 	HTI	332.0	ISO 3166-2:HT 	.ht
Heard Island and McDonald Islands Heard Island and McDonald Islands 	The Territory of Heard Island and McDonald Islands 	Australia 	HM 	HMD	334.0	ISO 3166-2:HM 	.hm
Holy See Holy See (the) [o] 	The Holy See 	UN observer state 	VA 	VAT	336.0	ISO 3166-2:VA 	.va
Honduras Honduras 	The Republic of Honduras 	UN member state 	HN 	HND	340.0	ISO 3166-2:HN 	.hn
Hong Kong Hong Kong 	The Hong Kong Special Administrative Region of China[10] 	China 	HK 	HKG	344.0	ISO 3166-2:HK 	.hk
Hungary Hungary 	Hungary 	UN member state 	HU 	HUN	348.0	ISO 3166-2:HU 	.hu
Iceland Iceland 	Iceland 	UN member state 	IS 	ISL	352.0	ISO 3166-2:IS 	.is
India India 	The Republic of India 	UN member state 	IN 	IND	356.0	ISO 3166-2:IN 	.in
Indonesia Indonesia 	The Republic of Indonesia 	UN member state 	ID 	IDN	360.0	ISO 3166-2:ID 	.id
Iran Iran (Islamic Republic of) 	The Islamic Republic of Iran 	UN member state 	IR 	IRN	364.0	ISO 3166-2:IR 	.ir
Iraq Iraq 	The Republic of Iraq 	UN member state 	IQ 	IRQ	368.0	ISO 3166-2:IQ 	.iq
Republic of Ireland Ireland 	Ireland 	UN member state 	IE 	IRL	372.0	ISO 3166-2:IE 	.ie
Isle of Man Isle of Man 	The Isle of Man 	British Crown 	IM 	IMN	833.0	ISO 3166-2:IM 	.im
Israel Israel 	The State of Israel 	UN member state 	IL 	ISR	376.0	ISO 3166-2:IL 	.il
Italy Italy 	The Italian Republic 	UN member state 	IT 	ITA	380.0	ISO 3166-2:IT 	.it
Jamaica Jamaica 	Jamaica 	UN member state 	JM 	JAM	388.0	ISO 3166-2:JM 	.jm
Japan Japan 	Japan 	UN member state 	JP 	JPN	392.0	ISO 3166-2:JP 	.jp
Jersey Jersey 	The Bailiwick of Jersey 	British Crown 	JE 	JEY	832.0	ISO 3166-2:JE 	.je
Jordan Jordan 	The Hashemite Kingdom of Jordan 	UN member state 	JO 	JOR	400.0	ISO 3166-2:JO 	.jo
Kazakhstan Kazakhstan 	The Republic of Kazakhstan 	UN member state 	KZ 	KAZ	398.0	ISO 3166-2:KZ 	.kz
Kenya Kenya 	The Republic of Kenya 	UN member state 	KE 	KEN	404.0	ISO 3166-2:KE 	.ke
Kiribati Kiribati 	The Republic of Kiribati 	UN member state 	KI 	KIR	296.0	ISO 3166-2:KI 	.ki
North Korea Korea (the Democratic People's Republic of) [p] 	The Democratic People's Republic of Korea 	UN member state 	KP 	PRK	408.0	ISO 3166-2:KP 	.kp
South Korea Korea (the Republic of) [q] 	The Republic of Korea 	UN member state 	KR 	KOR	410.0	ISO 3166-2:KR 	.kr
Kuwait Kuwait 	The State of Kuwait 	UN member state 	KW 	KWT	414.0	ISO 3166-2:KW 	.kw
Kyrgyzstan Kyrgyzstan 	The Kyrgyz Republic 	UN member state 	KG 	KGZ	417.0	ISO 3166-2:KG 	.kg
Laos Lao People's Democratic Republic (the) [r] 	The Lao People's Democratic Republic 	UN member state 	LA 	LAO	418.0	ISO 3166-2:LA 	.la
Latvia Latvia 	The Republic of Latvia 	UN member state 	LV 	LVA	428.0	ISO 3166-2:LV 	.lv
Lebanon Lebanon 	The Lebanese Republic 	UN member state 	LB 	LBN	422.0	ISO 3166-2:LB 	.lb
Lesotho Lesotho 	The Kingdom of Lesotho 	UN member state 	LS 	LSO	426.0	ISO 3166-2:LS 	.ls
Liberia Liberia 	The Republic of Liberia 	UN member state 	LR 	LBR	430.0	ISO 3166-2:LR 	.lr
Libya Libya 	The State of Libya 	UN member state 	LY 	LBY	434.0	ISO 3166-2:LY 	.ly
Liechtenstein Liechtenstein 	The Principality of Liechtenstein 	UN member state 	LI 	LIE	438.0	ISO 3166-2:LI 	.li
Lithuania Lithuania 	The Republic of Lithuania 	UN member state 	LT 	LTU	440.0	ISO 3166-2:LT 	.lt
Luxembourg Luxembourg 	The Grand Duchy of Luxembourg 	UN member state 	LU 	LUX	442.0	ISO 3166-2:LU 	.lu
Macau Macao [s] 	The Macao Special Administrative Region of China[11] 	China 	MO 	MAC	446.0	ISO 3166-2:MO 	.mo
North Macedonia North Macedonia [t] 	The Republic of North Macedonia[12] 	UN member state 	MK 	MKD	807.0	ISO 3166-2:MK 	.mk
Madagascar Madagascar 	The Republic of Madagascar 	UN member state 	MG 	MDG	450.0	ISO 3166-2:MG 	.mg
Malawi Malawi 	The Republic of Malawi 	UN member state 	MW 	MWI	454.0	ISO 3166-2:MW 	.mw
Malaysia Malaysia 	Malaysia 	UN member state 	MY 	MYS	458.0	ISO 3166-2:MY 	.my
Maldives Maldives 	The Republic of Maldives 	UN member state 	MV 	MDV	462.0	ISO 3166-2:MV 	.mv
Mali Mali 	The Republic of Mali 	UN member state 	ML 	MLI	466.0	ISO 3166-2:ML 	.ml
Malta Malta 	The Republic of Malta 	UN member state 	MT 	MLT	470.0	ISO 3166-2:MT 	.mt
Marshall Islands Marshall Islands (the) 	The Republic of the Marshall Islands 	UN member state 	MH 	MHL	584.0	ISO 3166-2:MH 	.mh
Martinique Martinique 	Martinique 	France 	MQ 	MTQ	474.0	ISO 3166-2:MQ 	.mq
Mauritania Mauritania 	The Islamic Republic of Mauritania 	UN member state 	MR 	MRT	478.0	ISO 3166-2:MR 	.mr
Mauritius Mauritius 	The Republic of Mauritius 	UN member state 	MU 	MUS	480.0	ISO 3166-2:MU 	.mu
Mayotte Mayotte 	The Department of Mayotte 	France 	YT 	MYT	175.0	ISO 3166-2:YT 	.yt
Mexico Mexico 	The United Mexican States 	UN member state 	MX 	MEX	484.0	ISO 3166-2:MX 	.mx
Federated States of Micronesia Micronesia (Federated States of) 	The Federated States of Micronesia 	UN member state 	FM 	FSM	583.0	ISO 3166-2:FM 	.fm
Moldova Moldova (the Republic of) 	The Republic of Moldova 	UN member state 	MD 	MDA	498.0	ISO 3166-2:MD 	.md
Monaco Monaco 	The Principality of Monaco 	UN member state 	MC 	MCO	492.0	ISO 3166-2:MC 	.mc
Mongolia Mongolia 	Mongolia 	UN member state 	MN 	MNG	496.0	ISO 3166-2:MN 	.mn
Montenegro Montenegro 	Montenegro 	UN member state 	ME 	MNE	499.0	ISO 3166-2:ME 	.me
Montserrat Montserrat 	Montserrat 	United Kingdom 	MS 	MSR	500.0	ISO 3166-2:MS 	.ms
Morocco Morocco 	The Kingdom of Morocco 	UN member state 	MA 	MAR	504.0	ISO 3166-2:MA 	.ma
Mozambique Mozambique 	The Republic of Mozambique 	UN member state 	MZ 	MOZ	508.0	ISO 3166-2:MZ 	.mz
Myanmar Myanmar [u] 	The Republic of the Union of Myanmar 	UN member state 	MM 	MMR	104.0	ISO 3166-2:MM 	.mm
Namibia Namibia 	The Republic of Namibia 	UN member state 	NA 	NAM	516.0	ISO 3166-2:NA 	.na
Nauru Nauru 	The Republic of Nauru 	UN member state 	NR 	NRU	520.0	ISO 3166-2:NR 	.nr
Nepal Nepal 	The Federal Democratic Republic of Nepal 	UN member state 	NP 	NPL	524.0	ISO 3166-2:NP 	.np
Netherlands Netherlands, Kingdom of the 	The Kingdom of the Netherlands 	UN member state 	NL 	NLD	528.0	ISO 3166-2:NL 	.nl
New Caledonia New Caledonia 	New Caledonia 	France 	NC 	NCL	540.0	ISO 3166-2:NC 	.nc
New Zealand New Zealand 	New Zealand 	UN member state 	NZ 	NZL	554.0	ISO 3166-2:NZ 	.nz
Nicaragua Nicaragua 	The Republic of Nicaragua 	UN member state 	NI 	NIC	558.0	ISO 3166-2:NI 	.ni
Niger Niger (the) 	The Republic of the Niger 	UN member state 	NE 	NER	562.0	ISO 3166-2:NE 	.ne
Nigeria Nigeria 	The Federal Republic of Nigeria 	UN member state 	NG 	NGA	566.0	ISO 3166-2:NG 	.ng
Niue Niue 	Niue 	New Zealand 	NU 	NIU	570.0	ISO 3166-2:NU 	.nu
Norfolk Island Norfolk Island 	The Territory of Norfolk Island 	Australia 	NF 	NFK	574.0	ISO 3166-2:NF 	.nf
Northern Mariana Islands Northern Mariana Islands (the) 	The Commonwealth of the Northern Mariana Islands 	United States 	MP 	MNP	580.0	ISO 3166-2:MP 	.mp
Norway Norway 	The Kingdom of Norway 	UN member state 	NO 	NOR	578.0	ISO 3166-2:NO 	.no
Oman Oman 	The Sultanate of Oman 	UN member state 	OM 	OMN	512.0	ISO 3166-2:OM 	.om
Pakistan Pakistan 	The Islamic Republic of Pakistan 	UN member state 	PK 	PAK	586.0	ISO 3166-2:PK 	.pk
Palau Palau 	The Republic of Palau 	UN member state 	PW 	PLW	585.0	ISO 3166-2:PW 	.pw
State of Palestine Palestine, State of 	The State of Palestine 	UN observer state 	PS 	PSE	275.0	ISO 3166-2:PS 	.ps
Panama Panama 	The Republic of Panamá 	UN member state 	PA 	PAN	591.0	ISO 3166-2:PA 	.pa
Papua New Guinea Papua New Guinea 	The Independent State of Papua New Guinea 	UN member state 	PG 	PNG	598.0	ISO 3166-2:PG 	.pg
Paraguay Paraguay 	The Republic of Paraguay 	UN member state 	PY 	PRY	600.0	ISO 3166-2:PY 	.py
Peru Peru 	The Republic of Perú 	UN member state 	PE 	PER	604.0	ISO 3166-2:PE 	.pe
Philippines Philippines (the) 	The Republic of the Philippines 	UN member state 	PH 	PHL	608.0	ISO 3166-2:PH 	.ph
Pitcairn Islands Pitcairn [v] 	The Pitcairn, Henderson, Ducie and Oeno Islands 	United Kingdom 	PN 	PCN	612.0	ISO 3166-2:PN 	.pn
Poland Poland 	The Republic of Poland 	UN member state 	PL 	POL	616.0	ISO 3166-2:PL 	.pl
Portugal Portugal 	The Portuguese Republic 	UN member state 	PT 	PRT	620.0	ISO 3166-2:PT 	.pt
Puerto Rico Puerto Rico 	The Commonwealth of Puerto Rico 	United States 	PR 	PRI	630.0	ISO 3166-2:PR 	.pr
Qatar Qatar 	The State of Qatar 	UN member state 	QA 	QAT	634.0	ISO 3166-2:QA 	.qa
Réunion Réunion 	Réunion 	France 	RE 	REU	638.0	ISO 3166-2:RE 	.re
Romania Romania 	Romania 	UN member state 	RO 	ROU	642.0	ISO 3166-2:RO 	.ro
Russia Russian Federation (the) [w] 	The Russian Federation 	UN member state 	RU 	RUS	643.0	ISO 3166-2:RU 	.ru
Rwanda Rwanda 	The Republic of Rwanda 	UN member state 	RW 	RWA	646.0	ISO 3166-2:RW 	.rw
Saint Barthélemy Saint Barthélemy 	The Collectivity of Saint-Barthélemy 	France 	BL 	BLM	652.0	ISO 3166-2:BL 	.bl
Tristan da Cunha Tristan da Cunha 	Saint Helena, Ascension and Tristan da Cunha 	United Kingdom 	SH 	SHN	654.0	ISO 3166-2:SH 	.sh
Saint Kitts and Nevis Saint Kitts and Nevis 	Saint Kitts and Nevis 	UN member state 	KN 	KNA	659.0	ISO 3166-2:KN 	.kn
Saint Lucia Saint Lucia 	Saint Lucia 	UN member state 	LC 	LCA	662.0	ISO 3166-2:LC 	.lc
Collectivity of Saint Martin Saint Martin (French part) 	The Collectivity of Saint-Martin 	France 	MF 	MAF	663.0	ISO 3166-2:MF 	.mf
Saint Pierre and Miquelon Saint Pierre and Miquelon 	The Overseas Collectivity of Saint-Pierre and Miquelon 	France 	PM 	SPM	666.0	ISO 3166-2:PM 	.pm
Saint Vincent and the Grenadines Saint Vincent and the Grenadines 	Saint Vincent and the Grenadines 	UN member state 	VC 	VCT	670.0	ISO 3166-2:VC 	.vc
Samoa Samoa 	The Independent State of Samoa 	UN member state 	WS 	WSM	882.0	ISO 3166-2:WS 	.ws
San Marino San Marino 	The Republic of San Marino 	UN member state 	SM 	SMR	674.0	ISO 3166-2:SM 	.sm
São Tomé and Príncipe Sao Tome and Principe 	The Democratic Republic of São Tomé and Príncipe 	UN member state 	ST 	STP	678.0	ISO 3166-2:ST 	.st
Saudi Arabia Saudi Arabia 	The Kingdom of Saudi Arabia 	UN member state 	SA 	SAU	682.0	ISO 3166-2:SA 	.sa
Senegal Senegal 	The Republic of Senegal 	UN member state 	SN 	SEN	686.0	ISO 3166-2:SN 	.sn
Serbia Serbia 	The Republic of Serbia 	UN member state 	RS 	SRB	688.0	ISO 3166-2:RS 	.rs
Seychelles Seychelles 	The Republic of Seychelles 	UN member state 	SC 	SYC	690.0	ISO 3166-2:SC 	.sc
Sierra Leone Sierra Leone 	The Republic of Sierra Leone 	UN member state 	SL 	SLE	694.0	ISO 3166-2:SL 	.sl
Singapore Singapore 	The Republic of Singapore 	UN member state 	SG 	SGP	702.0	ISO 3166-2:SG 	.sg
Sint Maarten Sint Maarten (Dutch part) 	Sint Maarten 	Netherlands 	SX 	SXM	534.0	ISO 3166-2:SX 	.sx
Slovakia Slovakia 	The Slovak Republic 	UN member state 	SK 	SVK	703.0	ISO 3166-2:SK 	.sk
Slovenia Slovenia 	The Republic of Slovenia 	UN member state 	SI 	SVN	705.0	ISO 3166-2:SI 	.si
Solomon Islands Solomon Islands 	The Solomon Islands 	UN member state 	SB 	SLB	90.0	ISO 3166-2:SB 	.sb
Somalia Somalia 	The Federal Republic of Somalia 	UN member state 	SO 	SOM	706.0	ISO 3166-2:SO 	.so
South Africa South Africa 	The Republic of South Africa 	UN member state 	ZA 	ZAF	710.0	ISO 3166-2:ZA 	.za
South Georgia and the South Sandwich Islands South Georgia and the South Sandwich Islands 	South Georgia and the South Sandwich Islands 	United Kingdom 	GS 	SGS	239.0	ISO 3166-2:GS 	.gs
South Sudan South Sudan 	The Republic of South Sudan 	UN member state 	SS 	SSD	728.0	ISO 3166-2:SS 	.ss
Spain Spain 	The Kingdom of Spain 	UN member state 	ES 	ESP	724.0	ISO 3166-2:ES 	.es
Sri Lanka Sri Lanka 	The Democratic Socialist Republic of Sri Lanka 	UN member state 	LK 	LKA	144.0	ISO 3166-2:LK 	.lk
Sudan Sudan (the) 	The Republic of the Sudan 	UN member state 	SD 	SDN	729.0	ISO 3166-2:SD 	.sd
Suriname Suriname 	The Republic of Suriname 	UN member state 	SR 	SUR	740.0	ISO 3166-2:SR 	.sr
Jan Mayen Jan Mayen 	Svalbard and Jan Mayen 	Norway 	SJ 	SJM	744.0	ISO 3166-2:SJ 	[x]
Sweden Sweden 	The Kingdom of Sweden 	UN member state 	SE 	SWE	752.0	ISO 3166-2:SE 	.se
Switzerland Switzerland 	The Swiss Confederation 	UN member state 	CH 	CHE	756.0	ISO 3166-2:CH 	.ch
Syria Syrian Arab Republic (the) [y] 	The Syrian Arab Republic 	UN member state 	SY 	SYR	760.0	ISO 3166-2:SY 	.sy
Taiwan Taiwan (Province of China) [z] 	The Republic of China 	Disputed [aa] 	TW 	TWN	158.0	ISO 3166-2:TW 	.tw
Tajikistan Tajikistan 	The Republic of Tajikistan 	UN member state 	TJ 	TJK	762.0	ISO 3166-2:TJ 	.tj
Tanzania Tanzania, the United Republic of 	The United Republic of Tanzania 	UN member state 	TZ 	TZA	834.0	ISO 3166-2:TZ 	.tz
Thailand Thailand 	The Kingdom of Thailand 	UN member state 	TH 	THA	764.0	ISO 3166-2:TH 	.th
East Timor Timor-Leste [ab] 	The Democratic Republic of Timor-Leste 	UN member state 	TL 	TLS	626.0	ISO 3166-2:TL 	.tl
Togo Togo 	The Togolese Republic 	UN member state 	TG 	TGO	768.0	ISO 3166-2:TG 	.tg
Tokelau Tokelau 	Tokelau 	New Zealand 	TK 	TKL	772.0	ISO 3166-2:TK 	.tk
Tonga Tonga 	The Kingdom of Tonga 	UN member state 	TO 	TON	776.0	ISO 3166-2:TO 	.to
Trinidad and Tobago Trinidad and Tobago 	The Republic of Trinidad and Tobago 	UN member state 	TT 	TTO	780.0	ISO 3166-2:TT 	.tt
Tunisia Tunisia 	The Republic of Tunisia 	UN member state 	TN 	TUN	788.0	ISO 3166-2:TN 	.tn
Turkey Türkiye [ac] 	The Republic of Türkiye 	UN member state 	TR 	TUR	792.0	ISO 3166-2:TR 	.tr
Turkmenistan Turkmenistan 	Turkmenistan 	UN member state 	TM 	TKM	795.0	ISO 3166-2:TM 	.tm
Turks and Caicos Islands Turks and Caicos Islands (the) 	The Turks and Caicos Islands 	United Kingdom 	TC 	TCA	796.0	ISO 3166-2:TC 	.tc
Tuvalu Tuvalu 	Tuvalu 	UN member state 	TV 	TUV	798.0	ISO 3166-2:TV 	.tv
Uganda Uganda 	The Republic of Uganda 	UN member state 	UG 	UGA	800.0	ISO 3166-2:UG 	.ug
Ukraine Ukraine 	Ukraine 	UN member state 	UA 	UKR	804.0	ISO 3166-2:UA 	.ua
United Arab Emirates United Arab Emirates (the) 	The United Arab Emirates 	UN member state 	AE 	ARE	784.0	ISO 3166-2:AE 	.ae
United Kingdom United Kingdom of Great Britain and Northern Ireland (the) 	The United Kingdom of Great Britain and Northern Ireland 	UN member state 	GB 	GBR	826.0	ISO 3166-2:GB 	.gb .uk [ad]
United States United States Minor Outlying Islands (the) [ae] 	Baker Island, Howland Island, Jarvis Island, Johnston Atoll, Kingman Reef, Midway Atoll, Navassa Island, Palmyra Atoll, and Wake Island[13] 	United States 	UM 	UMI	581.0	ISO 3166-2:UM 	[af]
United States United States of America (the) 	The United States of America 	UN member state 	US 	USA	840.0	ISO 3166-2:US 	.us
Uruguay Uruguay 	The Oriental Republic of Uruguay 	UN member state 	UY 	URY	858.0	ISO 3166-2:UY 	.uy
Uzbekistan Uzbekistan 	The Republic of Uzbekistan 	UN member state 	UZ 	UZB	860.0	ISO 3166-2:UZ 	.uz
Vanuatu Vanuatu 	The Republic of Vanuatu 	UN member state 	VU 	VUT	548.0	ISO 3166-2:VU 	.vu
Venezuela Venezuela (Bolivarian Republic of) 	The Bolivarian Republic of Venezuela 	UN member state 	VE 	VEN	862.0	ISO 3166-2:VE 	.ve
Vietnam Viet Nam [ag] 	The Socialist Republic of Viet Nam 	UN member state 	VN 	VNM	704.0	ISO 3166-2:VN 	.vn
British Virgin Islands Virgin Islands (British) [ah] 	The Virgin Islands 	United Kingdom 	VG 	VGB	92.0	ISO 3166-2:VG 	.vg
United States Virgin Islands Virgin Islands (U.S.) [ai] 	The Virgin Islands of the United States 	United States 	VI 	VIR	850.0	ISO 3166-2:VI 	.vi
Wallis and Futuna Wallis and Futuna 	The Territory of the Wallis and Futuna Islands 	France 	WF 	WLF	876.0	ISO 3166-2:WF 	.wf
Western Sahara Western Sahara [aj] 	The Sahrawi Arab Democratic Republic 	Disputed [ak] 	EH 	ESH	732.0	ISO 3166-2:EH 	[al]
Yemen Yemen 	The Republic of Yemen 	UN member state 	YE 	YEM	887.0	ISO 3166-2:YE 	.ye
Zambia Zambia 	The Republic of Zambia 	UN member state 	ZM 	ZMB	894.0	ISO 3166-2:ZM 	.zm
Zimbabwe Zimbabwe 	The Republic of Zimbabwe 	UN member state 	ZW 	ZWE	716.0	ISO 3166-2:ZW 	.zw
